<?xml version="1.0" encoding="UTF-8" standalone="no"?><List><shape name="Circle"><Radius>7</Radius></shape><shape name="Circle"><Radius>7</Radius></shape><shape name="Circle"><Radius>7</Radius></shape><shape name="Ellipse"><Radius>2</Radius><OtherRadius>15</OtherRadius></shape><shape name="Ellipse"><Radius>14</Radius><OtherRadius>15</OtherRadius></shape><shape name="Ellipse"><Radius>8</Radius><OtherRadius>8</OtherRadius></shape><shape name="Square"><Width>5</Width></shape><shape name="Square"><Width>17</Width></shape><shape name="Square"><Width>4</Width></shape><shape name="Square"><Width>2</Width></shape><shape name="Rectangle"><Width>11</Width><Height>15</Height></shape><shape name="Rectangle"><Width>0</Width><Height>5</Height></shape><shape name="Triangle"><Width>3</Width><Height>10</Height></shape><shape name="Triangle"><Width>3</Width><Height>15</Height></shape><shape name="ScaleneTriangle"><Width>3</Width><Height>6</Height><Length>7</Length></shape><shape name="ScaleneTriangle"><Width>3</Width><Height>6</Height><Length>7</Length></shape><shape name="ScaleneTriangle"><Width>3</Width><Height>6</Height><Length>7</Length></shape></List>